{
    "Argentine Peso": 0.912015,
    "Australian Dollar": 0.018971,
    "Bahraini Dinar": 0.004978,
    "Botswana Pula": 0.155759,
    "Brazilian Real": 0.065677,
    "British Pound": 0.010455,
    "Bruneian Dollar": 0.018420,
    "Bulgarian Lev": 0.022939,
    "Chinese Yuan Renminbi": 0.093632,
    "Canadian Dollar": 0.017751,
    "Chilean Peso": 10.152231,
    "Colombian Peso": 47.311699,
    "Croatian Kuna": 0.088674,
    "Czech Koruna": 0.311800,
    "Danish Krone": 0.087456,
    "Emirati Dirham": 0.048622,
    "Euro": 0.011729,
    "Hong Kong Dollar": 0.102603,
    "Hungarian Forint": 4.030249,
    "Icelandic Krona": 1.751035,
    "Indonesian Rupiah": 184.863354,
    "Iranian Rial": 556.247724,
    "Israeli Shekel": 0.045771,
    "Japanese Yen": 1.448534,
    "Kazakhstani Tenge": 5.260093,
    "Kuwaiti Dinar": 0.004081,
    "Libyan Dinar": 0.018702,
    "Malaysian Ringgit": 0.056540,
    "Mauritian Rupee": 0.527225,
    "Mexican Peso": 0.285432,
    "Nepalese Rupee": 1.607500,
    "New Zealand Dollar": 0.020307,
    "Norwegian Krone": 0.122831,
    "Omani Rial": 0.005091,
    "Pakistani Rupee": 2.153507,
    "Philippine Peso": 0.659527,
    "Polish Zloty": 0.052026,
    "Qatari Riyal": 0.048192,
    "Romanian New Leu": 0.056717,
    "Russian Ruble": 0.903257,
    "Saudi Arabian Riyal": 0.049648,
    "Singapore Dollar": 0.018420,
    "South African Rand": 0.222666,
    "South Korean Won": 15.872025,
    "Sri Lankan Rupee": 2.448847,
    "Swedish Krona": 0.121924,
    "Swiss Franc": 0.012751,
    "Taiwan New Dollar": 0.393417,
    "Thai Baht": 0.416145,
    "Trinidadian Dollar": 0.089392,
    "Turkish Lira": 0.089808,
    "US Dollar": 0.013240,
    "Venezuelan Bolivar": 0.132230
}